task,primary_metric,baseline_mean,low_mean,high_mean,baseline_ready_pct,low_ready_pct,high_ready_pct,range_pp
early_warning,temporal_recency,0.44010857142857146,0.4475596190476191,0.43353411764705885,3.8,4.085714285714285,3.5999999999999996,-0.48571428571428577
compliance_reporting,temporal_coverage,0.45126714285714287,0.44548304761904767,0.45637075630252105,5.457142857142857,4.114285714285714,6.742857142857144,2.62857142857143
cross_border,vocabulary_standard,0.4656800000000001,0.4670872380952381,0.4644383193277311,9.885714285714284,9.685714285714287,10.771428571428572,1.0857142857142854
